name,description,up1.coef1,up1.coef2,up2.coef1,up2.coef2,up4.coef1,up4.coef2,up8.coef1,up8.coef2
CCS:130,"Other diagnostic procedures, female organs",0,0,0.0296434573060091,0.0136732857781409,0.0229818811491694,0.01480800790873,0.00592339571992238,0.0065488055767069
CCS:131,"Other non-OR therapeutic procedures, female organs",-0.00229047267634609,-0.00282743628204801,0.00321888874456939,-0.000173686370957295,-0.000330421287260277,0.00377550153624398,0,0
CCS:156,"Injections and aspirations of muscles, tendons, bursa, joints and soft tissue",0,0,0,0,0,0,0,0
CCS:163,Other non-OR therapeutic procedures on musculoskeletal system,0.00180268797685059,-0.00198170957281344,0,0,0,0,0,0
CCS:182,Mammography,0,0,0.00774538946640801,0.00349256331926678,-0.0011560893142068,0.00133216714536457,0,0
CCS:198,Magnetic resonance imaging,0,0,0,0,0,0,0,0
CCS:200,Nonoperative urinary system measurements,0.00279962741572715,-0.00123777652291506,0.016589267727062,0.00326656184458017,0.0146815453728354,0.0107525664500255,0.00383809270650012,-0.00011288020923603
CCS:206,"Microscopic examination (bacterial smear, culture, toxicology)",0,0,0.00328976634334797,0.00739827136458592,0.0235320218764691,0.0138807377192857,0,0
CCS:213,"Physical therapy exercises, manipulation, and other procedures",0.00368875624121232,0.00371265405948887,0,0,0.00744164112753268,0.00460155354168264,0,0
CCS:215,Other physical therapy and rehabilitation,0,0,0,0,0,0,0,0
CCS:218,Psychological and psychiatric evaluation and therapy,0.161791629803197,0.107091235214345,0.162774834787219,0.0951394298194491,0.173628859896882,0.109419428350285,0.198446969239514,0.121838625418801
CCS:219,Alcohol and drug rehabilitation/detoxification,0.00142648981473851,0.0109856178904434,0.0230488863957196,0.0360818562406608,0.0119545289979546,0.0159345919859904,0.0107125809298312,0.0344236433792056
CCS:220,Ophthalmologic and otologic diagnosis and treatment,-0.000186858377911581,0.000264724501014324,0.0160558262480173,0.00554908014971491,-0.00501870574351801,0.00304463988572478,-0.0120762144683037,0.00303489154840309
CCS:226,Other diagnostic radiology and related techniques,0.00339623902219959,0.006667277625367,-0.00119103823414226,0.00125086469483477,0.00776310369362315,0.00721734604177777,0,0
CCS:227,"Other diagnostic procedures (interview, evaluation, consultation)",0.00179420626980724,0.00761784883514552,0.00175100578503566,0.00226335540619362,0.012705180011266,0.0142449132271173,0.0124498738543891,0.00636697371257011
CCS:228,Prophylactic vaccinations and inoculations,0.0156169466863207,0.00943529906355218,0.033873294278196,0.0160586793969576,0.0231509781414247,0.0146819760355731,0.00915218735777644,0.00443098360170734
CCS:232,Anesthesia,0.0120601569936248,-0.00283311941615909,0.00686424174497517,-0.00207236602537707,0,0,0,0
CCS:233,Laboratory - Chemistry and Hematology,0,0,0.0515389913081784,0.0206360617595536,0,0,0,0
CCS:234,Pathology,0.00203240090497347,0.00608091115058571,0,0,0.00382669958361477,0.00754039881904466,0,0
CCS:235,Other Laboratory,0.0026164446303834,0.00544618636338839,0,0,0.0347732722889046,0.0132122233185406,0.007091651471099,0.0103941702976196
CCS:237,Ancillary Services,0.00411886000144739,0.0414569045542327,0.0252371844160372,0.0672240146319853,0.030632941111016,0.0447408917019023,0.0091835654848925,0.0271275263635066
LOINC:10976-9,LOINC:6-MONOACETYLMORPHINE,0.00635586326676495,0.000521537085141025,0,0,0.00064044854603244,0.000147518667522648,0,0
LOINC:10992-6,norclozapine (group:norcloz),0.00304222841709008,,0,,0,,0,
LOINC:10998-3,LOINC:OXYCODONE,0.0042096078227521,0.00538214206251914,0,0,0.00823757411062444,0.00643948941068849,0.00622708532267762,0.0119974317585718
LOINC:11004-9,"tricyclics, urine (group:trcug)",0,,0,,0,,0,
LOINC:12342-2,oxymorphone (group:oxmrphn),0.00343122529577252,,0.00325888731400582,,0,,0,
LOINC:12375-2,clozapine+norclozapine (group:cloznor),0.00180801144966581,,0,,0,,0,
LOINC:12377-8,demoxepam (group:demox),0.02157820967948,,0.00693919980410797,,0,,0,
LOINC:12382-8,LOINC:TEMAZEPAM,0,0,0.00530098489597124,0.00934535442252994,0.00407290087647336,0.00723880573306118,0,0
LOINC:13453-6,"mean bld glucose, calc'd (group:mglu)",0,,0.00131469808475384,,0,,0,
LOINC:13557-4,desmethylsertraline (group:dms),0,,0,,0,,0,
LOINC:13569-9,norchlordiazepoxide (group:nclrdz),0.00696814418571719,,0,,0,,0,
LOINC:13572-3,nordiazepam (group:ddiaz),0,,0.00485640287062074,,0.00648606009700665,,0,
LOINC:13577-2,paroxetine (group:parox),0.0292042901615489,,0,,0,,0,
LOINC:13579-8,sertraline (group:sert),0,,0,,0,,0,
LOINC:13588-9,venlafaxine (group:venlfx),0.0170622559400662,,0,,0,,0,
LOINC:13622-6,"acetaminophen, urine (group:acetomq)",0,,0,,0,,0,
LOINC:14313-1,"thc/cannabinoids, urine (group:uthc)",0,,0,,0,,0,
LOINC:14314-9,"cocaine, urine (group:urcoca)",0.00355534299081288,,0.0344329182711902,,0,,0,
LOINC:14316-4,"benzodiazepines, urine (group:ubenz)",0.00330645979610378,,0.0565803715662823,,0,,0,
LOINC:14334-7,LOINC:LITHIUM,-0.0101239276072175,-0.0106965320500541,0,0,0,0,0,0
LOINC:14336-2,ethanol (mg/dl) (group:ethan),0,,0,,0,,0,
LOINC:14624-1,"barbiturates, urine (group:ubarb)",0.00516788582882298,,0,,0,,0,
LOINC:16199-2,"methadone, urine (group:umethd)",0,,0,,0,,0,
LOINC:16201-6,LOINC:OXAZEPAM,0,0,-0.00160544046536284,0.00442100594177638,0.00211618680665487,0.00597605542198998,0,0
LOINC:16228-9,LOINC:NORDIAZEPAM,0.00543291825982118,0.00343294198615315,0.0141427838210764,0.0136075892151072,0.000808915483825447,0.00351393666986639,0,0
LOINC:16249-5,LOINC:OXYCODONE,,0,,0,,0,,0
LOINC:16254-5,"phencyclidine, urine (group:urpcp)",0.00228805178424716,,0.00768872965059564,,0,,0,
LOINC:16360-0,amitriptyline (group:amitr),0.0426452605720207,,0.0195078051489372,,0.0172836860453717,,0.00217377566745499,
LOINC:16369-1,"amphetamine(s), urine (group:uamph)",4.80503693716108e-05,,0,,0,,0,
LOINC:17384-9,"opiates, urine (group:uopi)",0.0179283780833179,,0.0367468419882277,,0.0260898596996276,,0,
LOINC:17738-6,"ethanol, urine (group:uetoh)",0,,0,,0,,0,
LOINC:17856-6,hgb a1c (group:ghba1c),0,,0,,0,,0,
LOINC:18282-4,LOINC:CANNABINOIDS,,0.0129835653934779,,0,,0.00373744506964839,,0
LOINC:19080-1,LOINC:CHORIOGONADOTROPIN,,0,,0,,0,,0
LOINC:19141-1,LOINC:PROPOXYPHENE,,0.000631883809682468,,0,,0,,0
LOINC:19289-9,"thc/cannabinoids, urine (confirm) (group:uthccfm)",0,,0,,0,,0,
LOINC:19312-8,LOINC:TRICYCLIC ANTIDEPRESSANTS,,0.000139081549186272,,0,,0,,0
LOINC:19328-4,LOINC:ALPHA HYDROXYALPRAZOLAM,,0,,0,,0,,0
LOINC:19388-8,LOINC:CHLORDIAZEPOXIDE CUTOFF,,0,,0,,0,,0
LOINC:19483-7,LOINC:HYDROCODONE,,0,,0,,0,,0
LOINC:19550-3,methadone (group:mthdon),0,,0,,0,,0,
LOINC:19642-8,"oxycodone, urine (screen) (group:uoxcod-scr)",0.00249371346482439,,0,,0,,0,
LOINC:19659-2,LOINC:PHENCYCLIDINE,,0,,0,,0,,0
LOINC:20507-0,LOINC:REAGIN AB,0,0,0,0,0.00979706916786727,0.00800193958395685,0,0
LOINC:2086-7,hdl (group:hdl),0.00355786570347292,,0,,0,,0,
LOINC:2090-9,ldl (group:ldl),0.00332166803929676,,0,,0,,0,
LOINC:2093-3,cholesterol (group:chol),0,,0,,0,,0,
LOINC:2106-3,LOINC:CHORIOGONADOTROPIN (PREGNANCY TEST),0.00999180076950615,0.00417396619721478,0.0250223028342839,0.00577865177066487,0.00190151635578715,0.00472967743920921,0.00391404627486747,0.00586084847449796
LOINC:2110-5,LOINC:CHORIOGONADOTROPIN.BETA SUBUNIT (PREGNANCY TEST),0.00065266659073509,0.000582286326885907,0,0,0.000565348736390268,0.00310425436287441,0.000936008854908186,0.00287227994682036
LOINC:21441-1,LOINC:HUMAN PAPILLOMA VIRUS 6+11+42+43+44 DNA,,0,,0,,0,,0
LOINC:2161-8,urine creatinine (group:ucre),0,,0,,0,,0,
LOINC:24111-7,LOINC:NEISSERIA GONORRHOEAE DNA,,0,,0,,0,,0
LOINC:2571-8,triglycerides (group:trig),0,,0,,0,,0,
LOINC:28059-4,7-aminoclonazepam (group:7aclonzpm),0.00660299020334265,,0,,0,,0,
LOINC:2963-7,growth hormone (group:gh),0,,0,,0,,0,
LOINC:3016-3,LOINC:THYROTROPIN,0.0103924417107548,0.00421298727721794,0.0232344043177573,0.00570073787241994,0,0,0,0
LOINC:30167-1,LOINC:HUMAN PAPILLOMA VIRUS 16+18+31+33+35+39+45+51+52+56+58+59+68 DNA,,0,,0,,0,,0
LOINC:3298-7,LOINC:ACETAMINOPHEN,0,0,0,0,0.0107949167793985,0.00226479409160832,0,0
LOINC:33060-5,chlordiazepoxide (group:clrdz),0,,0.000814717365439821,,0,,0,
LOINC:3312-6,alprazolam (xanax) (group:alpraz),0,,0,,0,,0,
LOINC:3335-7,amitriptyline+nortriptyline (group:aminor),0.0337033283234196,,0,,0,,0,
LOINC:3349-8,LOINC:AMPHETAMINES,,0.00631804642675617,,0.0158803428012715,,0.000971741482065445,,0
LOINC:3389-4,benzo (tox screen) (group:benz-ts),0,,0,,0,,0,
LOINC:3390-2,LOINC:BENZODIAZEPINES,,0.000344185343531839,,0,,0,,0
LOINC:3397-7,LOINC:COCAINE,,0.000536482668735527,,0,,0.0151338887515876,,0
LOINC:3413-2,buprenorphine (group:bupnrp),0.0076143472566091,,0,,0.000447258856005754,,0,
LOINC:3414-0,LOINC:BUPRENORPHINE,0.00669195000684555,0.000293842286953379,0.0102898143844259,0.0125916852497992,0.0196271114761816,0.00464800953329787,0.00889350392022799,0.0110992037942608
LOINC:3436-3,LOINC:CARBOXY TETRAHYDROCANNABINOL,,0,,0,,0,,0
LOINC:3491-8,clomipramine (group:clom),0.0864041889600006,,0.0737017668751992,,0.0522777322798081,,0.0123147402075514,
LOINC:3494-2,clonazepam (group:clonaz),0,,0,,0,,0,
LOINC:3505-5,codeine (group:codeine),0.00179774870780147,,0,,0.0341497791818443,,0,
LOINC:3507-1,LOINC:CODEINE,,0,,0,,0,,0
LOINC:3531-1,desipramine (group:desip),0.0704196481444737,,0.0394060954131271,,0.0547924363318178,,0.00822936270186722,
LOINC:35467-0,m-cpp (group:mcpp),0,,0,,0,,0,
LOINC:3548-5,diazepam (group:diaz),0,,0,,0,,0,
LOINC:35597-4,salicylates (group:salic),0,,0,,0,,0,
LOINC:35608-9,diphenhydramine (group:dphn),0,,0,,0,,0,
LOINC:35610-5,fluoxetine (group:fluox),0,,0,,0,,0,
LOINC:35614-7,ibuprofen (group:ibup),0.0008043051546857,,0,,0,,0,
LOINC:35616-2,lorazepam (group:lor),0,,0,,0,,0,
LOINC:35624-6,norfluoxetine (group:nfluox),0,,0,,0,,0,
LOINC:35627-9,nortriptyline (group:nortr),0.000860498843388671,,0.0188512217287651,,0.0128723321394988,,0.00268443591641158,
LOINC:35629-5,oxazepam (group:oxazep),0.017208758807064,,0,,0,,0,
LOINC:35635-2,trazodone (group:trazo),0,,0,,0,,0,
LOINC:3679-8,hydrocodone (group:vicodn),0,,0,,0,,0.0015043412010996,
LOINC:3682-2,hydromorphone (group:hydromor),0,,0,,0,,1.26711661805868e-05,
LOINC:3725-9,LOINC:LORAZEPAM,,0,,0,,0,,0
LOINC:3773-9,LOINC:METHADONE,,0,,0,,0.00455328978561288,,0
LOINC:3778-8,methamphetamine (group:metham),0,,0,,0.00338005069022537,,0,
LOINC:3826-5,morphine (group:morphn),9.88898167871179e-06,,0,,0.000353054875310468,,0,
LOINC:3879-4,LOINC:OPIATES,,0,,1.61175604197735e-06,,0.00730487747977097,,0
LOINC:4073-3,LOINC:TRICYCLIC ANTIDEPRESSANTS,0,0,0,0,0,0,0,0
LOINC:43304-5,LOINC:CHLAMYDIA TRACHOMATIS RRNA,0.0128569063451167,0.00793064210958823,0.0113490176343736,0.00170942548448365,0.00739555081384341,0.0128805936565179,0,0
LOINC:47000-5,LOINC:CANDIDA SP RRNA,,0,,0,,0,,0
LOINC:48345-3,LOINC:HIV 1+O+2 AB,,0,,0,,0,,0
LOINC:55349-5,"ethyl glucuronide, urine (group:etg)",0.00104595562879197,,0,,0,,0,
LOINC:5643-2,LOINC:ETHANOL,,0,,0,,0,,0
LOINC:5644-0,LOINC:ETHANOL,,0,,0.00542013565900802,,0.000202362016977185,,0
LOINC:5645-7,LOINC:ETHANOL,,0.00131796074827527,,0,,0,,0
LOINC:56888-1,LOINC:HIV 1+2 AB+HIV1 P24 AG,,0,,0,,0,,0
LOINC:57300-6,"6-monoacetylmorphine, saliva (group:6mam-sal)",0,,0,,0,,0,
LOINC:57301-4,"benzoylecgonine, saliva (group:benzoyl-sal)",0,,0,,0,,0,
LOINC:57304-8,"codeine, saliva (group:codeine-sal)",0,,0,,0,,0,
LOINC:58375-7,LOINC:ETHYL GLUCURONIDE,,0,,0,,0,,0
LOINC:58424-3,LOINC:ETHYL SULFATE,,0.000863090301656893,,0,,0,,0
LOINC:59593-4,"7-aminoclonazepam, fluid (group:7aclonzpm-fld)",0,,0,,0,,0,
LOINC:60676-4,LOINC:ETHYL SULFATE,,0,,0,,0,,0
LOINC:6349-5,LOINC:CHLAMYDIA TRACHOMATIS,,0,,0,,0,,0
LOINC:6410-5,LOINC:GARDNERELLA VAGINALIS RRNA,,0,,0,,0,,0
LOINC:6515-1,LOINC:HUMAN PAPILLOMA VIRUS RRNA,,0,,0,,0,,0
LOINC:698-1,LOINC:NEISSERIA GONORRHOEAE,,0,,0,,0,,0
LOINC:72377-5,"nordiazepam, saliva (group:ddiaz-sal)",0,,0,,0,,0,
LOINC:72378-3,"oxazepam, saliva (group:oxazep-sal)",0,,0.0218051392830486,,0,,0,
LOINC:72380-9,"lorazepam, saliva (group:lor-sal)",0,,0,,0,,0,
LOINC:72381-7,"alprazolam (xanax), saliva (group:alpraz-sal)",0,,0,,0,,0,
LOINC:72385-8,"methadone metabolite, saliva (group:mthdonm-sal)",0.00191776524860682,,0.0388198326639606,,0.0111167559875463,,0,
LOINC:72388-2,"methadone, saliva (group:mthdn-sal)",0.00390807580109305,,0,,0,,0,
LOINC:72610-9,"diazepam, saliva (group:diaz-sal)",0,,0,,0,,0.00306772109268042,
LOINC:72733-9,"hydromorphone, saliva (group:hydromor-sal)",0,,0,,0,,0,
LOINC:72735-4,"methamphetamine, saliva (group:metham-sal)",9.16904807503074e-17,,0,,0,,0,
LOINC:72737-0,"cocaine, saliva (group:coke-sal)",2.46858986635443e-17,,0,,0,,0,
LOINC:72746-1,"norbuprenorphine, saliva (group:norbprn-sal)",0,,0,,0,,1.41821876620737e-07,
LOINC:72750-3,"oxycodone, saliva (group:oxcod-sal)",0,,0,,0,,0,
LOINC:72752-9,"morphine, saliva (group:morphn-sal)",0,,0,,0,,0,
LOINC:72753-7,"hydrocodone, saliva (group:vicodn-sal)",0,,0,,0,,0,
LOINC:72755-2,"clonazepam, saliva (group:clonaz-sal)",0,,0,,0,,0,
LOINC:72758-6,"amphetamine, saliva (group:amphetmn-sal)",0,,0,,0,,0,
LOINC:72762-8,"buprenorphine, saliva (group:bupnrp-sal)",5.28983542790235e-18,,0,,0,,0,
LOINC:72766-9,"oxymorphone, saliva (group:oxmrphn-sal)",0,,0,,0,,0.00047769655244023,
LOINC:82306-2,LOINC:CHLAMYDIA TRACHOMATIS RRNA,,0,,0,,0,,0
LOINC:9830-1,chol/hdl ratio (group:chol/hdl),7.637966803876e-05,,0,,0,,0,
LOINC:X7003-7,ethanol (tox panel) (group:tox1),0,,0.00895787590327012,,0.0122888046243043,,0,
LOINC:X7004-5,ats (tox panel) (group:tox2),0,,0.00153947207296833,,0,,0,
LOINC:X7005-2,barbiturates (tox panel) (group:tox3),0.00475539640064791,,0.0283166596522941,,0.0161541324250913,,0,
LOINC:X7006-0,benzo (tox panel) (group:tox4),0.000168430551587291,,0,,0.00191997353349751,,0.0278515861096187,
LOINC:X7008-6,tricyclics (tox panel) (group:tox5),5.47699838333779e-05,,0,,0.00202043880617622,,0.0186869173462068,
LOINC:X7011-0,other findings (tox) (group:otfi),0.000916148747291737,,0,,0.0246541703002622,,0,
LOINC:X7013-6,other findings ii (tox) (group:otfii),0,,0,,0,,0,
Other lab:1000000049,Other lab:PROL,,0,,0,,0,,0
Other lab:1000000388,Other lab:UR BARB,,0,,0,,0,,0
Other lab:1000000417,Other lab:PB C:H,,0,,0,,0,,0
Other lab:1000001688,Other lab:THCconf,,0,,0,,0,,0
Other lab:1000001695,Other lab:THCCON,,0,,0,,0.00228673474443389,,0
Other lab:1000001744,Other lab:OXYCOD,,0,,0,,0,,0
Other lab:1000001992,"Other lab:BARBIT,UR",,0,,0,,0,,0
Other lab:1000018437,Other lab:PCP,,0,,0,,0.000409751508835447,,0
Other lab:1000019158,Other lab:BARBITU,,0,,0,,0.0108915260827726,,0
Other lab:1000019243,Other lab:TESTOS,,0,,0,,0,,0
Other lab:1000025222,Other lab:BARBS U,,0.00501322380320476,,0,,0,,0
Other lab:1000036461,Other lab:BARBI,,0,,0,,0,,0
Other lab:1000038032,"Other lab:COCAINE,UR",,0,,0,,0,,0
Other lab:1000041034,Other lab:BARB,,0,,0,,0,,0
Other lab:1000046222,Other lab:UR TEMP,,0,,0,,0,,0
Other lab:1000046538,Other lab:BARBS,,0,,0,,0,,0
Other lab:1000047671,Other lab:CREAT.,,0,,0,,0,,0
Other lab:1000048582,Other lab:BARBS,,0,,0,,0,,0
Other lab:1000049900,Other lab:BARBS,,0,,0,,0,,0
Other lab:1000056092,Other lab:CREA UR,,0,,0,,0,,0
Other lab:1000058214,Other lab:UCREAT,,0,,0,,0,,0
Other lab:1000065473,Other lab:BARBISCRN,,0,,0,,0,,0
Other lab:1000072482,Other lab:BARBITUATES,,0,,0,,0,,0
Other lab:1000073068,Other lab:BAR,,0,,0,,0,,0
Other lab:1000073438,Other lab:UR CRE,,0,,0,,0,,0
Other lab:1000074737,Other lab:BARBS,,0,,0,,0,,0
Other lab:1000078272,Other lab:PCP,,0.00134444362829206,,0,,0,,0
Other lab:1000079548,Other lab:.UR BLD,,0.00531100834179513,,0,,0,,0
Other lab:1000080207,Other lab:.LEU EST,,1.42026209475739e-07,,0,,0,,0
Other lab:1000080999,Other lab:.UR PROTEIN,,1.83790564807089e-08,,0,,0,,0
Other lab:1000082178,Other lab:HEP C,,0,,0,,0,,0
Other lab:1000082797,Other lab:BARBS,,0,,0,,0,,0
Other lab:1000083088,Other lab:.UR GLU,,1.53588941982428e-07,,0,,0,,0
Other lab:1000084062,Other lab:.BARBS,,0.000805273640919742,,0,,0.00101058352036408,,0
Other lab:1000085773,Other lab:PROTEIN,,0.00194324202831734,,0,,0,,0
Other lab:1000085866,Other lab:ANTIHCV,,0,,0,,0,,0
Other lab:1000088563,Other lab:UDS CON,,0,,0,,0,,0
Other lab:1000088684,Other lab:TEMP,,0,,0,,0,,0
Other lab:1000091075,Other lab:.TICB CAL,,0,,0,,0,,0
Other lab:1000091818,Other lab:U.D.S.,,0.00013662715313667,,0,,0,,0
Other lab:1000092853,Other lab:CREAT,,0.00556727387616983,,0,,0.0146997041970075,,0
Other lab:1000093146,Other lab:*BARBS,,0.000889451173233863,,0,,0,,0
Other lab:1000093307,Other lab:BARBIT,,0.000700384525748524,,0,,0,,0
Other lab:1000097490,Other lab:.OXYSCR,,0,,0,,0.0075947524108703,,0
Other lab:1000097905,Other lab:UR CREA,,0.00516403843291024,,0,,0,,0
Other lab:1000100487,Other lab:DrgInfo,,0,,0,,0,,0
Other lab:1000105807,Other lab:URBARB,,0.0114965286212444,,0,,0.00503759775025755,,0
Other lab:1000110086,Other lab:OPIATE SEMI QUANT,,0,,0,,0,,0
Other lab:1000113359,Other lab:OPIATEs,,0,,0,,0,,0
Other lab:1000113370,Other lab:BARBIT*,,0,,0,,0,,0
Other lab:1000113374,Other lab:METHADO*,,0,,0,,0,,0
Other lab:1000123632,Other lab:BARB,,0,,0,,0,,0
Other lab:1000123683,Other lab:OXY UR,,0,,0,,0,,0
Other lab:1000125738,Other lab:UR CREA,,0.00269021460154529,,0,,0,,0
Other lab:1000127464,Other lab:.TRMADOL,,0,,0.0017377012071597,,0,,0
Other lab:1000130132,Other lab:COC URINE SEMI QT,,0,,0,,0,,0
Other lab:1000138393,Other lab:BUP2,,0,,0,,0,,0
Other lab:1200001045,Other lab:UBARBS,,0,,0,,0,,0
Other lab:1200003709,Other lab:BARBS,,-0.00130673126306027,,0,,0,,0
Other lab:1200005063,Other lab:BENZODI,,0,,0,,0,,0
Other lab:1200009278,Other lab:BARBS,,0,,0,,0,,0
Other lab:1200009804,Other lab:BARB(D/C 6/7/17),,0,,0,,0,,0
Other lab:1200012810,Other lab:OPIATES,,0,,0,,0,,0
Other lab:1200017939,Other lab:BARBIT,,0.00419535567788935,,0,,0,,0
Other lab:1200019634,Other lab:BARB SC,,0,,0,,0,,0
Other lab:1200020374,Other lab:THC5(D/C 6/7/17),,0,,0,,0,,0
Other lab:1200020589,Other lab:BARB,,0,,0,,0,,0
Other lab:1200026959,Other lab:BARBS,,0,,0,,0,,0
Other lab:1200027224,Other lab:BARBS,,0,,0,,0,,0
Other lab:1200030359,Other lab:BARBS,,0,,0,,0,,0
Other lab:1200037040,Other lab:BARBS,,0,,0,,0,,0
Other lab:1200041052,Other lab:BARBS,,0,,0,,0,,0
Other lab:1200043285,Other lab:BARBS,,0,,0,,0,,0
Other lab:1200049397,Other lab:UR CREA,,0,,0,,0,,0
Other lab:1200056521,Other lab:DRUG SC,,0,,0,,0,,0
Other lab:1200062404,Other lab:BARBIT,,0,,0,,0,,0
Other lab:1200063830,Other lab:CREA(U),,0,,0,,0,,0
Other lab:1200067462,Other lab:BARBS,,0,,0,,0,,0
Other lab:1200071543,Other lab:Creat,,0,,0,,0,,0
Other lab:1200074538,Other lab:AMPH(D),,0,,0,,0,,0
Other lab:1200077607,Other lab:BARB(D),,0,,0,,0,,0
Other lab:1200092797,Other lab:UrOxySc,,0,,0,,0,,0
Other lab:1200097367,Other lab:Creat-U,,0,,0,,0,,0
Other lab:1200098095,Other lab:Creat-U,,0,,0,,0,,0
Other lab:1200098375,Other lab:BARB,,0,,0,,0,,0
Other lab:1200100409,Other lab:OXYC SC,,0,,0,,0,,0
Other lab:1200108410,Other lab:Barbiturates,,0,,0,,0,,0
Other lab:1200109766,Other lab:ET GLUC,,0.00320150349473658,,0,,0,,0
Other lab:1200109768,Other lab:PL NOTE,,2.1149906003938e-07,,0,,0,,0
Other lab:1200111243,Other lab:MET-POC,,0.00671756527439399,,0,,0,,0
Other lab:1200111254,Other lab:MDMAPOC,,4.23474585511797e-18,,0,,0,,0
Other lab:1200111256,Other lab:BAR-POC,,0,,0,,0,,0
Other lab:1200115145,"Other lab:INT,DSR",,0,,0,,0,,0
Other lab:1200118041,Other lab:DTGEN U,,0.00108599283310587,,0,,0,,0
Other lab:1200118042,Other lab:ACET UR,,3.83264991830457e-08,,0,,0,,0
Other lab:1200118043,Other lab:ISOP UR,,0,,0,,0,,0
Other lab:1200118044,Other lab:MET URN,,0,,0,,0,,0
Other lab:1200119549,Other lab:UBAR,,0,,0,,0,,0
Other lab:1200122176,Other lab:URINE CREATININE,,0.00569110447620572,,0,,0,,0
Other lab:1200123413,Other lab:UDS CREAT,,0,,0,,0,,0
Other lab:1200124637,Other lab:BARBS,,0,,0,,0,,0
Other lab:1200128620,Other lab:OXYCODONE,,0,,0,,0,,0
Other lab:1200131781,Other lab:DRUG SCREEN CREAT,,0.000486798740558852,,0,,0,,0
Other lab:1200132179,Other lab:BARB SCREEN,,0,,0,,0,,0
Other lab:1200132244,Other lab:SVTCH,,0,,0,,0,,0
Other lab:1200132245,Other lab:SVTOX,,0,,0,,0,,0
Other lab:1200136134,Other lab:METHAMPHETAMINE LCMS,,0.0314528896012958,,0.0383546603943488,,0.033857555318555,,0
Other lab:1200136135,Other lab:AMPHETAMINE LCMS,,1.21552886984913e-07,,1.95859546626385e-07,,1.84844714818621e-06,,0
Other lab:1200136136,Other lab:NORDIAZEPAM LCMS,,0.000297782984780192,,0.000662451603035673,,0.000483181623937964,,0
Other lab:1200138535,Other lab:OXAZEPAM LCMS,,4.45473991280299e-07,,5.16981750083393e-07,,4.04729679321212e-07,,0
Other lab:1200138536,Other lab:TEMAZEPAM LCMS,,0,,0,,0,,0
Other lab:1200138537,Other lab:ALPRAZOLAM LCMS,,0,,0,,0,,0
Other lab:1200138538,Other lab:a-OH-ALPRAZOLAM LCMS,,0,,0,,0,,0
Other lab:1200138539,Other lab:7-A-CLONAZEPAM LCMS,,0,,0,,0,,0
Other lab:1200138540,Other lab:LORAZEPAM LCMS,,0,,0,,0,,0
Other lab:1200138541,Other lab:BUPRENORPHINE LCMS,,0.000338540109288378,,0,,0,,0
Other lab:1200138542,Other lab:NBUPRENORPHINE LCMS,,0,,0,,0,,0
Other lab:1200138543,Other lab:THC-COOH LCMS,,3.754495520207e-05,,0,,0,,0
Other lab:1200138544,Other lab:BENZOYLECGONINE LCMS,,0,,0,,0,,0
Other lab:1200138545,Other lab:FENTANYL LCMS,,4.97647760167795e-05,,0,,0,,0
Other lab:1200138546,Other lab:NORFENTANYL LCMS,,1.22398906439532e-17,,0,,0,,0
Other lab:1200138547,Other lab:6-MAM LCMS,,0,,0,,0.000533896403234574,,0
Other lab:1200138548,Other lab:METHADONE LCMS,,0,,0,,7.24061981319519e-06,,0
Other lab:1200138549,Other lab:EDDP LCMS,,0,,0,,6.1217223437661e-17,,0
Other lab:1200138550,Other lab:MDMA LCMS,,0,,0,,0.000836843504495154,,0
Other lab:1200138551,Other lab:METHYLPHENIDATE LCMS,,0,,0,,1.67711736845457e-06,,0
Other lab:1200138552,Other lab:RITALINIC ACID LCMS,,0,,0,,6.21817816518646e-16,,0
Other lab:1200138553,Other lab:MORPHINE LCMS,,0,,0,,0,,0
Other lab:1200138555,Other lab:HYDROCODONE LCMS,,0,,0,,0,,0
Other lab:1200138556,Other lab:HYDROMORPHONE LCMS,,0,,0,,0,,0
Other lab:1200138557,Other lab:MEPERIDINE LCMS,,2.25677878296916e-06,,0,,0,,0
Other lab:1200138558,Other lab:OXYCODONE LCMS,,0,,0,,0,,0
Other lab:1200138559,Other lab:OXYMORPHONE LCMS,,0,,0,,0,,0
Other lab:1200138560,Other lab:PCP LCMS,,3.60817890097702e-06,,0.000103386602508926,,0,,0
Other lab:1200138561,Other lab:ZOLPIDEM MET LCMS,,0,,0,,0,,0
Other lab:1200138562,Other lab:CYCLOBENZAPRINE LCMS,,0,,0,,0,,0
Other lab:1200138563,Other lab:CARISOPRODOL LCMS,,0,,0,,0,,0
Other lab:1200138564,Other lab:MEPROBAMATE LCMS,,0,,0,,0,,0
Other lab:1200138565,Other lab:MDVP LCMS,,0,,0,,0,,0
Other lab:1200138566,Other lab:MEPHEDRONE LCMS,,0,,0,,0,,0
Other lab:1200138567,Other lab:METHYLONE LCMS,,0,,0,,0,,0
Other lab:1200138568,Other lab:TAPENTADOL LCMS,,0,,0,,0,,0
Other lab:1200138569,Other lab:TRAMADOL LCMS,,0,,0,,0,,0
Other lab:1200138570,Other lab:NORTRAMOADOL LCMS,,0,,0,,0,,0
Other lab:1200138665,Other lab:BUTALBITAL LCMS,,0,,0,,0,,0
Other lab:1200138666,Other lab:PHENOBARBITAL LCMS,,0,,0,,0,,0
Other lab:1200139018,Other lab:AMP,,0,,0,,0,,0
Other lab:1200139019,Other lab:BENZO,,0,,0,,0,,0
Other lab:1200139020,Other lab:BENZODIAZEPINES SCRN,,0,,0,,0,,0
Other lab:1200139037,Other lab:COCAINE,,0,,0,,0,,0
Other lab:1200139038,Other lab:OPIATES,,0,,0,,0,,0
Other lab:1200139039,Other lab:PCP,,0,,0,,0,,0
Other lab:1200139040,Other lab:THC,,0,,0,,0,,0
Other lab:1200139041,Other lab:BARBITURATES,,0,,0,,0,,0
Other lab:1200139583,Other lab:OPIATE CONFIRM,,0,,0,,0,,0
Other lab:1200139584,Other lab:OXYCOD CONFIRM,,0,,0,,0,,0
Other lab:1200139673,Other lab:FENTANYL,,0,,0,,0,,0
Other lab:1200140509,Other lab:DAU OPIATES,,0,,0,,0,,0.0116716828938651
Other lab:1200140510,Other lab:DAU OXYCODONE,,0,,0,,0,,2.95220455957175e-07
Other lab:1200140511,Other lab:DAU Cocaine,,0,,0,,0,,0
Other lab:1200140512,Other lab:DAU AMPHETAMINES,,0,,0,,0,,2.86811599138819e-16
Other lab:1200140513,Other lab:DAU BENZODIAZEPINES,,0,,0,,0,,4.52860419692872e-17
Other lab:1200140514,Other lab:DAU METHADONE,,0,,0,,0,,0
Other lab:1200140515,Other lab:DAU PHENCYCLIDINE,,0,,0,,0,,0
Other lab:1200140517,Other lab:DAU THC,,0,,0,,0,,0
Other lab:1200140518,Other lab:DAU BARBITURATES,,0,,0,,0,,7.54767366154787e-18
Other lab:1200141194,Other lab:Comprehensive LCMS,,0,,0,,0,,0
Other lab:1400002921,Other lab:CR RAN,,0,,0,,0,,0
Other lab:1400019640,Other lab:BARBITU,,0,,0,,0,,0
Other lab:1400034601,Other lab:BARBS,,0,,0,,0,,0
Other lab:1400036647,Other lab:METHAMP,,0.0148018780284524,,0,,0,,0
Other lab:1400037633,Other lab:BARBIT,,0.0013482119320203,,0,,0,,0
Other lab:1400043521,Other lab:MORPHIN,,2.80942887690237e-10,,0,,0,,0
Other lab:1400055391,Other lab:HEP-Cab,,0,,0,,0,,0
Other lab:1400057084,Other lab:BARBS,,0,,0,,0,,0
Other lab:1400057639,Other lab:BALT,,0,,0,,0,,0
Other lab:1400064377,Other lab:#BA,,0,,0,,0,,0
Other lab:1400067813,Other lab:Barbs,,0,,0,,0,,0
Other lab:1400069118,Other lab:BARBS,,0,,0,,0,,0
Other lab:1400071829,Other lab:DAU CRT,,0,,0,,0,,0
Other lab:1400078944,Other lab:BARBIT,,0,,0,,0,,0
Other lab:1400564654,Other lab:BARB,,0,,0,,0,,0
Other lab:1400570592,Other lab:CRE UDS,,0.000500079346701374,,0,,0,,0
Other lab:1400575908,Other lab:#pH,,0,,0,,0,,0
Other lab:1400575945,Other lab:PH.,,-0.000915261085494899,,0,,0,,0
Other lab:1400581237,Other lab:pH DAU,,0,,0,,0,,0
Other lab:1400588543,Other lab:FEN,,0,,0,,0,,0
Other lab:1400589589,Other lab:CREAT.,,-3.85639883543323e-18,,0,,0,,0
Other lab:1400589590,Other lab:#CRE,,0,,0,,0,,0
Other lab:1400590353,Other lab:ETG,,0,,0,,0,,0
Other lab:1400591060,Other lab:#SG,,0,,0,,0,,0
Other lab:1400591078,Other lab:SG,,-1.79965278986884e-17,,0,,0,,0
Other lab:800010466,Other lab:BARBS,,0,,0,,0,,0
Other lab:800010497,Other lab:BARB,,0.00420861668242228,,0,,0.00631683448701632,,0
Other lab:800010898,Other lab:PCP_UR,,0,,0,,0.000741284265138998,,0
Other lab:800017435,Other lab:BARBS,,0,,0,,0,,0
Other lab:800023376,Other lab:barbU,,0,,0,,0,,0
Other lab:800044440,Other lab:EMITCS,,0,,0,,0,,0
Other lab:800048990,Other lab:CRmg/dL,,0,,0,,0,,0
Other lab:800051837,Other lab:OXYMORP,,0,,0,,0,,0
Other lab:800058968,Other lab:BARBS,,0,,0,,0,,0
Other lab:800080170,Other lab:BARB-SQ,,0,,0,,0,,0
Other lab:800086436,Other lab:BARBS,,0.000299271766743667,,0,,0,,0
Other lab:800221984,"Other lab:CRE,UDS",,0,,0,,0,,0
Other lab:800224219,Other lab:U CREAT,,0,,0,,0,,0
Other lab:800224995,Other lab:BARBTS,,0,,0,,0,,0
Other lab:800230878,Other lab:OXY-UR,,0.00608602514723165,,0,,0.000665874277567854,,0
Other lab:800250413,Other lab:OXY,,0,,0,,0,,0
PheCode:070.3,Viral hepatitis C,0.000820756103808032,0.00223669929498253,0.0028312105367725,0.00836415064540285,0,0,0,0
PheCode:1004,Other signs and symptoms involving emotional state,,0,,0,,0,,0
PheCode:1009,"Injury, NOS",,0,,0,,0,,0
PheCode:1010.1,screening for infectious and parasitic diseases,,-0.000493557467991072,,0,,0,,0
PheCode:1010.5,"potential health hazards related to communicable diseases
potential health hazards related to communicable diseases ",,-0.00295154222410594,,0,,0,,0
PheCode:1010.6,Persons encountering health services in circumstances related to reproduction,,0,,0,,0.00739383228612205,,0
PheCode:1010.7,"Persons with potential health hazards related to socioeconomic, psychosocial, and other circumstances",,0,,0,,0,,0
PheCode:1015,Effects of other external causes,,0,,0,,0,,0
PheCode:180.3,Cervical intraepithelial neoplasia [CIN] [Cervical dysplasia],0.00231039789480745,0.00605679790911911,0,0,-0.00311203452043911,0.00658567314225101,0,0
PheCode:216.1,Screening for malignant neoplasms of the skin,0.00355068367745069,-0.001501293954329,0.0082735675697248,-0.00407779543801343,0,0,0,0
PheCode:218.1,Uterine leiomyoma,0.00250824765546241,0.00536979891412389,0,0,0,0,0,0
PheCode:218.2,Other benign neoplasm of uterus,-0.00016410246025768,0.000560268321516187,0,0,0,0,0,0
PheCode:221,Benign neoplasm of other female genital organs,0.00109847730918249,0.00477450681308133,0,0,0,0,0,0
PheCode:244.4,Hypothyroidism NOS,0,0,0,0,0.00860193593213455,0.00133200218056147,0,0
PheCode:256.4,Polycystic ovaries,0.0019789791295353,0.0041813304602509,0,0,0.0088010826118387,0.00555238687804271,0.00176348095335149,0.000967296407245709
PheCode:257.1,Testicular hypofunction,0.00140412242519623,0.00152991375925868,-0.00093682087086778,0.00299909676163551,0.0129987512424645,0.0118790382271395,0,0
PheCode:260.7,Polyphagia,0.0313262262891766,0.0015208115498802,0.00710517864974389,2.60096780768103e-05,0.00982968868295867,0.0028657352995957,0,0
PheCode:261.2,Vitamin B-complex deficiencies,0.00422760838723092,-0.000500336287063774,0,0,0,0,0,0
PheCode:261.4,Vitamin D deficiency,0.00240335184364752,0.000923455870569394,0,0,0,0,0,0
PheCode:272.1,Hyperlipidemia,0.0171922341677274,0.00614923159815214,0.0208939943579164,0.00684946747286872,0,0,0,0
PheCode:278.1,Obesity,0.0281503565624773,0.0211739599987604,0.000132593735913344,0.000119396007022395,0.0135309046450253,0.001835178915905,0,0
PheCode:278.4,Abnormal weight gain,0,0,0,0,0,0,0,0
PheCode:290.1,Dementias,0,0,0.00899051214312684,0.00018913784909414,0.000906983008297177,0.000254010053306347,0,0
PheCode:290.3,Other persistent mental disorders due to conditions classified elsewhere,0.0088754517612657,0.00172205410107627,0.013909082592796,0.00588834382567435,0,0,0,0
PheCode:291.1,Transient mental disorders due to conditions classified elsewhere,0,0,0,0,0,0,0,0
PheCode:291.4,Specific nonpsychotic mental disorders due to brain damage,0,0,0,0,0,0,0,0
PheCode:292.2,Mild cognitive impairment,0.0127894973632743,0.00576665165982781,0.000211759701750779,0.000242549240568795,0,0,0,0
PheCode:292.3,Memory loss,0.0037367339864435,-0.000225576456087692,0.000645396458562062,0.000288111819922594,0,0,0,0
PheCode:292.6,Hallucinations,0,0,0,0,0.00610338922839979,0.003199717515508,0,0
PheCode:295.1,Schizophrenia,0.00753421576497418,-0.00604095572218601,0,0,0,0,0,0
PheCode:295.2,Paranoid disorders,-3.41284079060618e-05,0.00096891341565202,0.0104477704114473,0.0275559491906726,0.00718243441791343,0.00640004923323399,0,0
PheCode:295.3,Psychosis,0.0021493415270072,0.00257984120766852,0,0,0.0240323497846254,0.0130144418301584,0.00163896489025708,0.00143858732973606
PheCode:296.1,Bipolar,0.0564897979347352,0.0464014478623117,0.0107310116689392,0.0543587511135113,0.0229869347631036,0.0214461488672946,0.0661420763865456,0.0569008124471161
PheCode:297.1,Suicidal ideation,0.0377150303777238,0.0352655976648949,0.0343197951271821,0.0477862627525238,0.0246647659600606,0.0261884387498601,0.0195378258850589,0.0357903959995581
PheCode:297.2,Suicide or self-inflicted injury,0.0348055425836724,0.0192305687012141,0.0380025549798135,0.0316305841537416,0.027787789800884,0.0313222339590068,0.0211707042444844,0.0189010437278576
PheCode:300.1,Anxiety disorder,0.15920925102282,0.148388981958763,0.140227397404293,0.135213745411164,0.110687077428001,0.125940446178666,0.161926214055476,0.155799220905686
PheCode:300.3,Obsessive-compulsive disorders,0.0257931714879432,0.0252808770707187,0.018997306748976,0.0230102752960483,0.0158020799570473,0.0234209088573091,0.0331515752377184,0.0283216694309236
PheCode:300.4,Dysthymic disorder,0.00835556744411705,0.0178390183535864,0.0116051974500104,0.0195647920916724,0.0124986120501332,0.0301365653037779,0.0113621754269734,0.0152386165286292
PheCode:300.8,Acute reaction to stress,0.00403783291937377,0.00555223552346714,0,0,0.00563927236400924,0.00303117290010584,0,0
PheCode:300.9,Posttraumatic stress disorder,0.0417748701383053,0.0821712553089487,0.0599005419431328,0.104752976847314,0.0479921860486383,0.123004140134933,0.0676298011231717,0.108621254976911
PheCode:301.1,Schizoid personality disorder,0.0109129584500252,0.00824076677788654,0.0357274186641694,0.018899517591927,0.0208518401956564,0.0150120791375778,0.0127151317486503,0.00863623175698814
PheCode:301.2,Antisocial/borderline personality disorder,0.00821997250337357,0.0391130202007653,0.0506789122289799,0.0724190255715542,0.00435889095227529,0.019955412463281,0.0450381847434866,0.0729373487281429
PheCode:302.1,Decreased libido,0.00969397756961407,0.00818675804488276,0.0183217539020422,0.0172112844716224,0.0189678014366105,0.0109781335522301,0,0
PheCode:303.1,Dissociative disorder,0.00536810033474067,0.00388078865582803,0.0264085453215794,0.0155410781464885,0.014378215993655,0.0100472889089874,0.00711521912542427,0.00667770000943775
PheCode:303.3,Psychogenic disorder,0.00617822248644401,0.000760092256282534,0,0,0.00750081792940768,0.00203204286598848,0,0
PheCode:303.4,Somatoform disorder,0.00283747063889386,0.005097367237776,0.00196359418441732,0.00242646041962967,0.0174338572960964,0.0186356959818473,0.00108497137625118,0.000962262619521322
PheCode:304,Adjustment reaction,-0.012639634045244,0.0175765102823374,0.0252778389619554,0.0145266629054818,0.00814277971749401,0.0131320224137029,0.00297495020678428,0.0119847884136605
PheCode:305.2,Eating disorder,0.00359808674577513,0.00622155606983413,0,0,0.0307933687461402,0.0235242160077277,0.00496985236473945,0.00638553591841296
PheCode:306.1,Mental disorders durring/after pregnancy,0.00209981120604193,,0,,0.00035618994336143,,0,
PheCode:306.9,Tension headache,,0,,0,,0,,0
PheCode:312.3,Impulse control disorder,0.00441688187786438,0.00660698883201421,0.0255510081648696,0.035039547223402,0.0211780436352467,0.00811219844204949,0.0175626973602471,0.0211670826705282
PheCode:313.1,Attention deficit hyperactivity disorder,0.00374396194001256,0.0189327139232471,0.0441413560752968,0.0342613279930583,0.0185769228982049,0.0353691061210119,0.0336373774316823,0.0398862361010916
PheCode:313.2,Tics and stuttering,0,0,0.00121017235990754,0.000660623362539302,0.00425773245613782,0.00313492558160346,0,0
PheCode:313.3,Autism,0,0,0,0,0.00620469514074501,0.00469170078089408,0.00266947453793513,0.00198298984168143
PheCode:315.1,Learning disorder,0,0,0.00999525517688686,0.0107941504727681,0.00563376276623595,0.00460224512339337,0.00140445207814503,0.00130760585289443
PheCode:315.2,Speech and language disorder,0,0,0.00591353717178176,-0.000151795249261876,0,0,0,0
PheCode:317.1,Alcoholism,0.0358542160312032,0.0332375022875931,0.032145081376171,0.0447141355977595,0.0556080089870599,0.0502690872859682,0.0766838641793465,0.0512762341477493
PheCode:318,Tobacco use disorder,0.000862080262892882,0.00158325960477227,0.00637678758886277,0.0109724253531698,0.00476404357177219,0.0101166542202929,0,0
PheCode:327.1,Hypersomnia,0.00581616781948011,0.00205263626941931,0,0,0.00228282794034542,0.00184993346461605,0,0
PheCode:327.3,Sleep apnea,0.00304463601267719,0.00610135311233838,0.00653294539083361,0.00585415401559133,0.00216214281598595,0.0032428208815918,0,0
PheCode:327.4,Insomnia,0.00234167696165571,0.00655749329395468,0.0176733716725172,0.0107838461903317,0.0417025576235513,0.0340707510767294,0.0104983678847735,0.0221727877836252
PheCode:327.5,Parasomnia,0.0075542670304623,0.000360540301914684,0.00595000552093751,0.00243572507497167,0.0233398135347905,0.0142021743929206,0.00593320642556143,0.00436341989232171
PheCode:327.6,Circadian rhythm sleep disorder,0.0117262264929146,0.0031004456416633,0.0198184930624057,0.0051259214358638,0.00495544380102887,0.00359285642267631,0,0
PheCode:327.7,Sleep related movement disorders,0.00226895296909221,0.00045597669162479,0,0,0,0,0,0
PheCode:333.3,Tics and choreas,0.0209187095571132,0.00650461872918718,0.0200187672776135,0.00732561854771553,0.0198200573120756,0.00514675965691109,0,0
PheCode:338.2,Chronic pain,0.0144403988175959,0.00638340994682254,0.00538978452448439,0.00314684735568523,0.00153797361180056,0.00295685418482301,0.00152624269926401,0.00403090047516383
PheCode:339,Other headache syndromes,0.00491804214759482,0.0113601532346512,0.0110605554343593,0.00775289348992586,0.0140275599772591,0.0291742946402428,0.0029035238347102,0.0051489316350753
PheCode:340.1,Migrain with aura,0,0,0,0,0,0,0,0
PheCode:347,Cataplexy and narcolepsy,0.0228456361165136,0.0133700582059363,0.0160410077309139,0.015977251482117,0.0229009296127354,0.0191179424834462,0.0145649714433504,0.00856074408343336
PheCode:351,Other peripheral nerve disorders,0.00527576329720989,0.00633565420735108,0,0,0.0252283451265751,-0.000733865587748612,0,0
PheCode:355.1,Chronic pain syndrome,0.00428630858716569,0.0072788937810759,0.000195505424434935,0.000256306745687826,0.0120909159124891,0.0126386801921377,0.00145722324139532,0.00811207483655727
PheCode:367.1,Myopia,0.00243407366685712,0.00122910464567369,0.00198353248629511,0.00498658484107151,0.00775988374370083,0.000875703519526539,0,0
PheCode:367.4,Presbyopia,,0,,0,,0,,0
PheCode:386.9,Dizziness and giddiness (Light-headedness and vertigo),0,0,0.027590329064385,0.00223151862441774,0,0,0,0
PheCode:389.4,Tinnitus,0.000548001102303481,-4.49645254193983e-05,0.0226457980541064,0.00557672934581748,0.00348788516642161,0.00216288628681876,0,0
PheCode:401.1,Essential hypertension,0.00549569971026651,0.0032326049455561,0.0166408112466505,0.00957385650985835,0.0297968607397681,0.00309262946718064,0,0
PheCode:476,Allergic rhinitis,0,0,0,0,0.0245364480659847,0.00110993863794155,0,0
PheCode:521.1,Dental caries,0,0,0.0130070541678961,0.0142353547785703,0.00598136017238689,0.0037785519755684,0,0
PheCode:522.1,Pulpitis and necrosis of tooth pulp,0,0,0,0,0,0,0,0
PheCode:523.3,Periodontitis (acute or chronic),0,0,0,0,0,0,0,0
PheCode:525.1,Loss of teeth or edentulism,0,0,0,0,0,0,0,0
PheCode:526.4,Temporomandibular joint disorders,0.00399600401507682,0.00091962623111936,0.0296999314688557,0.00456291477031869,0.00045968135796991,0.000471796920437219,0,0
PheCode:530.1,"Esophagitis, GERD and related diseases",0.0136428624658842,-0.00164706301306126,0.00108941165851599,0.000375456713196919,0.0185104569170146,0.00281310970154069,0,0
PheCode:564.1,Irritable Bowel Syndrome,0,0,0,0,0.00677303201768153,0.00386698976235335,0,0
PheCode:599.4,Urinary incontinence,0.0100535395530963,0.00303310326226527,0,0,0,0,0,0
PheCode:605,Erectile dysfunction [ED],0.000446160482661812,0.00078433070752136,0.0174939749995397,0.0330228893105601,0,0,0,0
PheCode:610.1,Cystic mastopathy,0,0,0,0,0,0,0,0
PheCode:612.1,Galactorrhea,0.0259730711898746,0.00674764984234885,0.0260595479393938,0.0101734305592561,0.0111921515187261,0.00527243442585529,0,0
PheCode:614.5,"Inflammatory disease of cervix, vagina, and vulva",0.00415057038179497,0.00481739025715377,0.0267260151615447,0.0122216144345711,0,0,0,0
PheCode:615,Endometriosis,0,0,0,0,0,0,0,0
PheCode:620.1,Dysplasia of cervix,-0.000815007969140514,0.00355610210381117,0,0,0,0,0,0
PheCode:625.1,Dyspareunia,0.00504382915370602,0.00342393132703591,3.22459480444889e-06,1.0571377798734e-06,0.000519618461964753,0.000716959525919214,0,0
PheCode:626.1,Irregular menstrual cycle/bleeding,0.00611092710193806,0.00404038006021505,0.0593668949265013,0.0194529558347883,0.00597196818479317,0.00634669074848435,0,0
PheCode:626.2,Dysmenorrhea,0.00254437229944272,0.000603734424829598,0,0,0,0,0,0
PheCode:626.4,Premenstrual tension syndromes,0.010910729925196,0.00306879401238001,0.0133674634718179,0.00676180685893307,0.00974622453158949,0.00657664519449662,0,0
PheCode:626.8,"Infertility, female",-0.00630713207352888,0.00184656446066302,0,0,-0.00100404685215871,0.00069537262436838,0,0
PheCode:627.2,Symptomatic menopause,0.00235700929160887,0.00121876047028842,0,0,0.0232518710689819,0.00506525524743827,0.000637107004314024,0.000847210977478693
PheCode:627.5,Premature menopause and other ovarian failure,0.00604792028249144,0.00282593444672886,0.00526940852394485,0.00274797248690738,0.008861736230384,0.00383745447452516,0,0
PheCode:634.3,Ectopic pregnancy,-0.00155506291006814,0.00868923008370052,0,0,0,0,0,0
PheCode:638,Other high-risk pregnancy,,0,,0,,0,,0
PheCode:704.2,Hirsutism,0,0,0,0,0.00944944103705011,0.00626235276589221,0,0
PheCode:706.1,Acne,0.011186488332001,-0.000834837645891128,0.0313794305885029,0.000810483656487327,0.0105790152248351,0.00744048844970485,0,0
PheCode:721.1,Spondylosis without myelopathy,0,0,0,0,0,0,0,0
PheCode:722.1,Displacement of intervertebral disc,0,0,0.00233727207174621,0.00755471541676945,0,0,0,0
PheCode:722.6,Degeneration of intervertebral disc,0,0,0,0,0,0,0,0
PheCode:726.1,Enthesopathy,0,0,0,0,0,0,0,0
PheCode:728.7,Fasciitis,0.000534147496318369,4.70392939748727e-05,0,0,0.019203484674239,-0.0018310709549396,0,0
PheCode:729.1,"Rheumatism, unspecified and fibrositis",0.01581712866279,0.00603320366186961,0.00408622783452904,0.00228301764854276,0.00191423264048949,0.00305221932226227,0,0
PheCode:740.1,Osteoarthritis; localized,0.0066745402052526,0.00558857001391524,0,0,0,0,0,0
PheCode:740.3,"Osteoarthrosis involving more than one site, but not specified as generalized",0.00147308471406129,0.000880839832077097,0,0,0.00115053057119415,0.00418149101917826,0,0
PheCode:745,Pain in joint,0.0140941754820477,0.0168935172915772,0.0072451750710721,0.0455200668815884,0.00972182156250595,0.0132292307090674,0.0140227719096674,0.0290910954271534
PheCode:760,Back pain,0.00470704195614369,0.0158392438882712,-0.000129733337406701,0.0050527203290455,0.0250430974485239,0.0318974358674022,0.0214095222632484,0.0374028792141785
PheCode:761,Cervicalgia,0,0,0.0189117124114238,0.0410628996956671,0,0,0,0
PheCode:763,"Thoracic or lumbosacral neuritis or radiculitis, unspecified",0,0,0.0020150491439277,0.00238487554941034,0,0,0,0
PheCode:764,Sciatica,0.00130382521498137,-7.30866221423816e-05,0,0,0,0,0,0
PheCode:765,Cervical radiculitis,0,0,0.000384535271069827,0.000365793259176949,0.00425775439242574,0.000140433677839131,0,0
PheCode:769,Nonallopathic lesions NEC,0.00296980687643414,-0.00200251937759439,0,0,0.00922739011286542,0.00248422920840375,0,0
PheCode:770,Myalgia and myositis unspecified,0,0,0,0,0,0,0.00182651347005405,0.00236241724739945
PheCode:773,Pain in limb,,0,,0,,0,,0
PheCode:792.1,Papanicolaou smear of cervix or vagina with atypical squamous cells,0,0,0.0124928410548729,0.000533504736883098,0,0,0,0
PheCode:817,Concussion,0,0,0.000267354187994237,0.000189997676847875,0,0,0,0
PheCode:819,Skull and face fracture and other intercranial injury,-0.00015396275459058,-0.000432663051082919,0.0264352992382191,0.00905668428332449,0,0,0,0
PheCode:941,Adverse reaction to serum or vaccine,0,0,0,0,0.0130684017243184,0.0035778765594782,0,0
PheCode:965.3,Salicylates causing adverse effects in therapeutic use,0.0703337724195099,0.00376986119663348,0,0,0.00249176698033724,0.00067252943144602,0,0
PheCode:966,Poisoning by anticonvulsants and anti-Parkinsonism drugs,0.00508771437424279,0.00302773639521293,0,0,0.00826772813742351,0.00699989606921327,0,0
PheCode:969,Poisoning by psychotropic agents,0.000101620772849434,3.98192925469625e-05,0.0133525203271596,0.00587513045403731,0,0,0,0
PheCode:971,Poisoning by drugs primarily affecting the autonomic nervous system,0.0581058814205664,0.00211094242627842,0,0,0,0,0,0
PheCode:972.6,Antihypertensive agents causing adverse effects,0.0549266143426521,-0.00130158072675505,0,0,0,0,0,0
PheCode:979,Adverse drug events and drug allergies,0,0,0.00465981124075145,0.0106063712467337,0,0,0,0
PheCode:981,Toxic effect of (non-ethyl) alcohol and petroleum and other solvents,0.0411115102568918,0.00905095837885492,0,0,0.00174025238728744,0.00226398782814588,0,0
PheCode:989,"Toxic effect of other substances, chiefly nonmedicinal as to source",0.0320040124015775,-0.00211676284099956,0.017302248263368,0.00156759325092196,0.0260856636760316,0.000919913300662625,0.00312223742531577,0.000126302988903801
RXNORM:1000104,incobotulinumtoxina,,0,,0,,0,,0
RXNORM:10154,succinylcholine,0.000685760748172019,0.000116352540209894,0.00233791822861063,3.01148301673517e-05,0,0,0,0
RXNORM:10379,testosterone,0.00118447990819918,0.00450227034702107,0.00182152669979696,0.0155887831858156,0.000493136786097325,0.005993059106776,0,0
RXNORM:1040028,lurasidone,0.00215334324242681,-0.00130535073180558,0,0,0,0,0,0
RXNORM:10454,thiamine,0.000775641270814786,0.00330863772650436,0,0,0,0,0,0
RXNORM:10502,thioridazine,0.0255610011552197,-5.7845793630262e-05,0,0,0,0,0,0
RXNORM:10582,levothyroxine,0.0108698415173462,0.000415659960946763,0,0,0,0,0.0108306852920437,0.00124338374183312
RXNORM:10689,tramadol,0.0025737213480249,0.00359770177704744,0,0,0,0,0,0
RXNORM:106928,betamethasone/clotrimazole,0.016433286144612,0.00179492850190701,0.0124653178548565,0.00235532678469101,0.00446768179235276,0.00037491141382501,0,0
RXNORM:10734,tranylcypromine,0.0291669064810571,0.0173774070007515,0.0472937146440819,0.0208326041780145,0.0462635289594951,0.0181516071953772,0.0294979580254258,0.017065249167679
RXNORM:10737,trazodone,0.023856259169719,0.00722239659478145,0,0,0.00763973346438728,0.00419807554944669,0.0093024636102492,0.0030404272377876
RXNORM:10759,triamcinolone,0,0,0,0,0,0,0,0
RXNORM:10800,trifluoperazine,0.00203276226594716,-0.00102730184966866,0,0,0,0,0,0
RXNORM:10814,liothyronine,0.0101984494239849,0.00806030250942111,0.0325306687940013,0.00650440959994993,0.0054326934168349,0.00591459317622302,0,0
RXNORM:10834,trimipramine,,0.0217369659693086,,0.00116384194409018,,0.00486221716942099,,0
RXNORM:1086769,vilazodone,0.0316949148692715,0.00806542838750683,0.0651966017057233,0.0260020886382182,0.046080501898803,0.0189043936797747,0.0237759463611111,0.0146926275568439
RXNORM:11118,divalproex,-0.00757196576642473,-0.00730404415999516,0,0,0,0,0,0
RXNORM:115698,ziprasidone,-0.000529764816225543,-0.00152884694325367,0,0,0,0,0,0
RXNORM:1307404,linaclotide,0.00553595350441789,0.000254161959453878,0.00760413310523214,0.000755480355437333,0.0113064901539589,0.000509535674218093,0.00357594249274832,0.00122534055508471
RXNORM:135775,zolmitriptan,0.00383472355871503,0.00135882231255968,0,0,0,0,0,0
RXNORM:136411,sildenafil,-1.23387826018e-05,0.000267716841178679,-2.91775759619815e-05,0.000854419331722776,-2.11113829613743e-05,0.00427384334887742,0,0
RXNORM:141366,naratriptan,0.0425713410974683,0.0044028101703414,0.0147053572474522,0.00837701492797726,0.0267686033583392,0.00967161730005004,0.0121870106945225,0.00386601645126282
RXNORM:1424,benztropine,0.000527038347816089,-0.000976943186084129,0,0,0,0,0,0
RXNORM:1455099,vortioxetine,0.0161597587064368,0.00946811268491486,0.0363846026359923,0.0147925696919823,0.0329136100933059,0.015467456962332,0.00620782746606547,0.00402502978071912
RXNORM:14584,etonogestrel,0.0077731747029954,,0,,0,,0,
RXNORM:1547099,suvorexant,,0,,0,,0,,0
RXNORM:1551467,bupropion/naltrexone,,0.000333067586732635,,0,,0,,0
RXNORM:1592257,l-methylfolate,,0.00215229115324957,,0,,0,,0
RXNORM:15996,mirtazapine,0.00283868991947362,0.00144556126513535,0,0,0,0,0,0
RXNORM:1819,buprenorphine,0,0,0.00160192113317288,0.00121111842184343,0,0,0,0
RXNORM:1827,buspirone,0,0,0,0,0,0,0,0
RXNORM:187832,pregabalin,0,0,0.0104018389152805,0.000976178596707927,0,0,0,0
RXNORM:20610,cetirizine,0,0,0,0,-0.00150628791190777,0.00142453865794265,0,0
RXNORM:214130,acetaminophen/butalbital/caffeine,0,0,0,0,0,0,0,0
RXNORM:214153,acetaminophen/dichloralphenazone/isometheptene,0,,0,,0,,0,
RXNORM:214551,estradiol/norethindrone,-0.00235610905945451,0.0107656207045104,-0.000161920893768077,0.0027446013161443,0.000506255019146175,0.0085974739139268,0,0
RXNORM:214558,ethinyl estradiol/levonorgestrel,0,0,0.010549490338341,0.000880238940957238,0.0101553510418835,0.00639821469619331,0,0
RXNORM:214559,ethinyl estradiol/norgestimate,0,0,0,0,0,0,0,0
RXNORM:215830,calcium carbonate/vitamin d,0.00273377633715572,5.65132151122901e-06,0,0,0,0,0,0
RXNORM:21949,cyclobenzaprine,0.000490581544124532,0.00502689727217854,0,0,-0.010735679803384,0.0174357331346648,0,0
RXNORM:228783,frovatriptan,0.000124839245582286,0.0141117376789937,-4.07664355136641e-05,0.00294150317715954,9.86763095769457e-05,0.00129153178101147,0,0
RXNORM:231049,eletriptan,0.00059478866705224,0.00110911052701061,0,0,0.0110585142151702,0.00795648634337478,0,0
RXNORM:2353,clorazepate,0,0,0,0,0,0,0,0
RXNORM:235355,thiamine hcl,,0,,0,,0,,0
RXNORM:2356,chlordiazepoxide,0,0,0.00354684585775983,0.000863322239751089,0.00398972331971365,0.000370218789895283,0,0
RXNORM:236782,saccharomyces boulardii,0.00987994197589743,-0.00232017254506241,0,0,0,0,0,0
RXNORM:2418,cholecalciferol,0.00329216286327018,0.00116508211490695,0,0,0,0,0,0
RXNORM:24605,etodolac,0,0,0,0,0,0,0,0
RXNORM:253146,amphetamine/dextroamphetamine,0,0,0,0,0,0,0.00326137474316075,0.00355981156119108
RXNORM:25480,gabapentin,0.0138530282799184,0.00277663020249035,0.0536061133798285,0.00145998782984927,0.02578859033099,0.00682375392826067,0.0246835634903069,0.00643223933151242
RXNORM:2556,citalopram,0.000408960068226609,5.51096365201526e-05,0.00294116466679001,-7.64020701681411e-05,0.00266914657596208,3.74494895569653e-05,0,0
RXNORM:2596,clomiphene,0,0,0,0,0,0,0,0
RXNORM:2597,clomipramine,0.00548860842905777,-0.00218897585962753,0.0257507740099573,-0.00038663218776075,0.0346290817850279,-0.000111268522829808,0.000937657270858184,0.000245341959559703
RXNORM:2598,clonazepam,0.0145849621047996,0.00297212288180118,0.0233621688902025,0.0163308787395728,0.0374225882089223,0.0151901838679555,0.0490183729472874,0.0170764934495555
RXNORM:2599,clonidine,0,0,0.0309196211816634,-0.000478601420318591,0,0,0,0
RXNORM:2626,clozapine,0,,0,,0,,0,
RXNORM:279645,almotriptan,-8.77636692989422e-05,0.00315706626704886,0,0,0,0,0,0
RXNORM:28439,lamotrigine,0,0,0,0,0,0,0,0
RXNORM:29046,lisinopril,0.00135730164042068,-1.19367540129649e-05,0,0,0,0,0,0
RXNORM:30125,modafinil,0.00769307354917381,0.00782564430421585,0.00675226156571499,0.0012301193199899,0.000929023481053483,0.00115167531634251,0,0
RXNORM:31565,nefazodone,0.0175323873426344,8.16404962513168e-06,0.0220925153551528,0.00108440168479564,0.0201656330092307,0.00575827323063915,0,0
RXNORM:31765,nicotine polacrilex,0,,0,,0,,0,
RXNORM:321988,escitalopram,0.00473320031501497,0.0040198922622262,0.0080353030062027,0.00584732265705214,0.0013833172194443,0.00601069410884517,0.00167780207733537,0.00397476596098847
RXNORM:324044,desogestrel/ethinyl estradiol,0,0,0,0,0,0,0,0
RXNORM:3247,desipramine,0.0122908867966671,0.00115469982894057,0.00991725709140144,0.00188511169720712,0.00705508138853481,0.0003623073539453,0,0
RXNORM:32624,oxcarbazepine,-0.000894184373376528,-0.000525947170403134,0,0,0,0,0,0
RXNORM:3288,dextroamphetamine,0.0144026471559526,0.00535740978645186,0.0280563181484414,0.0122808562377912,0.0196452766581039,0.0162897148564394,0.0088965110647719,0.00741402828250106
RXNORM:32937,paroxetine,0,0,0,0,0,0,0,0
RXNORM:3361,dicyclomine,0,0,0,0,0,0,0,0
RXNORM:352364,buprenorphine/naloxone,-0.00302165112786849,0.00330156480435107,0.00407588882423597,0.00192473188160653,0.00851727265696342,0.0200447607319252,0.00981013915385129,0.0232323684518884
RXNORM:352372,dexmethylphenidate,0,,0,,0,,0,
RXNORM:352376,ethinyl estradiol/etonogestrel,0.0026801068195933,0.00038775582419188,0.0045598506398601,0.00061503584891356,0.00168292787811211,0.0024036405005338,0,0
RXNORM:352377,ethinyl estradiol/norelgestromin,0.00928482751187408,0.00581090475196162,0.00556846211531182,0.00600164385962285,0.0239051271572969,0.0156991511229906,0,0
RXNORM:3554,disulfiram,0.00352865483830562,0.00662919859033639,0.0169515610184207,0.0202770675172407,0.0280163709194863,0.0304705231797512,0.0147211530788586,0.0202361884997078
RXNORM:35617,rifapentine,,0.00396887843505089,,0.00299447150558768,,0,,0
RXNORM:35636,risperidone,0,0,0,0,0,0,0,0
RXNORM:36108,salsalate,0.0143280223584466,-0.000997396928419861,0,0,0,0,0,0
RXNORM:3638,doxepin,0,0,0.0038680099448538,0.00495663267272934,0,0,0,0
RXNORM:36437,sertraline,0.00844545876918514,0.00503534248682717,0,0,0.021883838682203,0.001932491602512,0.0235408000552719,0.00552311855949318
RXNORM:37075,ethinyl estradiol/norgestrel,0,0,0,0,0.00274987338059815,0.00547394573007415,0,0
RXNORM:37418,sumatriptan,0,0,0.00107055099061025,0.0103839374714498,0,0,0.000676729271754253,0.000668006483975545
RXNORM:38400,atomoxetine,0,0,0.0167126498263882,0.0116492793506315,0.00954769544119418,0.00470423204397864,0.00721858044747327,0.00678776009298253
RXNORM:38404,topiramate,0,0,0,0,0.0230560781190388,0.0120805090613687,3.91460620207711e-05,4.90835059180355e-05
RXNORM:384410,ethinyl estradiol/norethindrone,0,0,0,0,0.00418971625088572,0.00607630186357029,0,0
RXNORM:392556,benzoyl peroxide/erythromycin,0.00931878239486678,0.000503333419668585,0,0,0,0,0,0
RXNORM:39786,venlafaxine,0.00230925044549946,0.00485168675877653,0.0259934545596139,0.0121489998847745,0,0,0,0
RXNORM:39993,zolpidem,6.46276563590629e-05,0.000337783174740517,0,0,0.00291016926932551,0.00859942553202975,0,0
RXNORM:40114,guanfacine,-0.0011421883290866,-0.00235808087860243,0,0,0.00119111645593857,0.000799448367686729,0,0
RXNORM:4018,ergocalciferol,0.00363254967572379,0.0030176396040717,0,0,0,0,0,0
RXNORM:407884,l-methylfolate,0,,0,,0,,0,
RXNORM:4083,estradiol,0,0,0,0,-0.00290502836328219,0.00146032572045069,0,0
RXNORM:41126,fluticasone,0.00281696832430651,0.00228876646131973,0.0256884195014552,0.0128095382342181,0.0120698213223232,0.0032090045702218,0,0
RXNORM:4141,ethyl chloride,0.00467081854598419,-0.000168250943155309,0,0,0,0,0,0
RXNORM:41493,meloxicam,0.0013890812491741,0.00383353715787599,0,0,-0.000146118778220449,0.00167920943891111,0,0
RXNORM:42347,bupropion,0.0208274062781208,0.0142233254462466,0.0162596047760976,0.00750341459943864,0.0229051197185439,0.0159743215729336,0.0420015204947547,0.023357038544736
RXNORM:42355,fluvoxamine,0.000937826015492555,-0.000500181656456643,0,0,0.0062804907476301,0.000536401847974192,0,0
RXNORM:4257,antihemophilic factor,0.0377589918894859,,0.0300378688853864,,0.0163871217930998,,0,
RXNORM:435,albuterol,0,0,0,0,0,0,0,0
RXNORM:4493,fluoxetine,0.00502661365692938,0.00257006507499581,0.0189738883812506,0.00633833118247767,0.0191175161615668,0.0114128140177998,0,0
RXNORM:461016,eszopiclone,0,0,0,0,0.00673187596655517,0.00478180427167055,0,0
RXNORM:46241,aluminum chloride,0.00402102345670564,-0.00176232913766528,0.00681095302989928,-6.44153598913629e-06,0,0,0,0
RXNORM:4637,galantamine,0.030500122397123,0.000481087427181534,0.0208729906431286,-0.00223416369319633,0.0187536073122296,-0.00365997420963321,0,0
RXNORM:466584,acetaminophen/aspirin/caffeine,0,0,0.00943451484322387,0.00143507128442638,0.00557563788257826,0.00469565900509786,0,0
RXNORM:51272,quetiapine,0,0,0.0251336143411302,0.00529497804887606,0,0,0,0
RXNORM:5553,hydroxyzine,0,0,0.00560090144017083,0.00738207751258157,0.000452098346350803,0.000321867996396251,0,0
RXNORM:5640,ibuprofen,0.00317868602820763,0.0037871615803562,0.0101394764106973,0.00658559427292804,0.0190313293254074,0.0255731360001843,0.0175470629524666,0.0182977769856186
RXNORM:569,eflornithine,0.000937358226182821,0.00430739122107317,0.000104493793915724,0.000753652981939939,0.000610940652773169,0.00151896139847684,0,0
RXNORM:5691,imipramine,0,0,0,0,0,0,0,0
RXNORM:57258,tizanidine,0,0,0,0,0,0,0,0
RXNORM:588250,milnacipran,0.0525344621137033,0.00855865446911086,0.0376299414764499,0.0123179705615589,0.0382321340420026,0.0154991899317234,0.0191314863991526,0.00741213476055373
RXNORM:596,alprazolam,0,0,0,0,-0.000446779071980953,0.00187143480028108,0,0
RXNORM:61381,olanzapine,0,0,0,0,0,0,0,0
RXNORM:6373,levonorgestrel,0,0,0,0,0,0,0,0
RXNORM:641465,armodafinil,0.0288240159822381,0.00664962386557859,0.0141313989035019,0.00561594991676415,0.0181913891977075,0.00731628438833158,0.00341759778522683,0.0022272168425101
RXNORM:6448,lithium,-0.0171870347695949,-0.00653095855239996,0,0,0,0,0,0
RXNORM:6470,lorazepam,0.0169927373203767,-0.0014038774296685,0,0,0.00580742718983403,0.000811344606853928,0,0
RXNORM:6475,loxapine,0.00739271864681027,-0.00290927101134252,0,0,0.00365636201633356,-0.00100153845926315,0,0
RXNORM:6711,melatonin,0,0,0,0,0,0,0,0
RXNORM:6719,memantine,0,0,0.0126857251539707,-0.00176203872220686,0,0,0,0
RXNORM:679314,paliperidone,-0.00274669404532018,-0.00554876376703064,0,0,0,0,0,0
RXNORM:6845,methocarbamol,0,0,0.00186174046715875,0.00148869209203123,0,0,0,0
RXNORM:6847,methohexital,0.013023697513074,,0.0440765204764363,,0.032764595871096,,0.0167795415967729,
RXNORM:689842,citric acid/simethicone/sodium bicarbonate,0.0189364410299493,,0,,0,,0,
RXNORM:6901,methylphenidate,0,0,0,0,0,0,0,0
RXNORM:700810,lisdexamfetamine,0,0,0,0,0,0,0,0
RXNORM:704,amitriptyline,0,0,0.0203900338815018,0.000642303992362871,0.0131060522549874,0.00723864098788169,0,0
RXNORM:7242,naloxone,0,0,0,0,0,0,0,0
RXNORM:7243,naltrexone,0.000104183651715677,0.000149857530039928,0.00544219427547373,0.0128095472160976,0.00904559248415916,0.011242746732784,0.00303536984197027,0.0077456561856936
RXNORM:725,amphetamine,0,,0,,0,,0,
RXNORM:7258,naproxen,0,0,0.0115370562381722,0.00495818271583046,0,0,0,0
RXNORM:72625,duloxetine,0.00125788934588224,0.00329762068973984,0.00517510959333185,0.00399045519932048,0.00272365452471708,0.00287067089759766,0,0
RXNORM:734064,desvenlafaxine,0.0131095079493113,0.00590103368148073,0.0139096256406115,0.00864577946463643,0.0138875500704852,0.00808509097711231,0.00670954125312307,0.00563517063479277
RXNORM:7407,nicotine,0,0,0,0,0,0,0,0
RXNORM:74667,zaleplon,0,0,0,0,0.00328249365321782,0.00247507402601522,0,0
RXNORM:7514,norethindrone,0,0,0,0,0,0,0,0
RXNORM:7531,nortriptyline,0.000516612271139071,0.000272822948475976,0,0,0,0,0,0
RXNORM:7646,omeprazole,0.000151584282557802,3.41526460640575e-05,0,0,0,0,0,0
RXNORM:7716,orphenadrine citrate,0.0156448382388021,0.00517076807650179,0,0,0.00711972603242098,0.00263520610786984,0,0
RXNORM:784649,asenapine,0.00401008825316007,-0.00410660609078686,0.0133979436668786,0.00179628226308432,0.0132553052088034,-0.00281653945860063,0,0
RXNORM:8076,perphenazine,-0.00158879406691699,-0.00374719874481943,0,0,0,0,0,0
RXNORM:8124,phenelzine sulfate,0.0110395081329437,0.00206392553061816,0,0,0.0123101613195546,0.00847340208860282,0,0
RXNORM:82819,acamprosate,4.23655686303159e-05,0.00398790553652423,0.00104898580817392,0.00195379766492613,0.00983379435656073,0.0152830401588829,0,0
RXNORM:840781,drospirenone/ethinyl estradiol,0,0,0,0,0,0,0,0
RXNORM:8629,prazosin,0.00119701339529046,0.00312954065548718,0.00090209274737998,0.00226195875422675,0.00589190738631053,0.0237085223080669,0.0144073974709767,0.0239946251999082
RXNORM:8787,propranolol,0,0,0,0,0,0,0,0
RXNORM:88014,rizatriptan,0,0,0.0122932296798875,0.00553945283353047,0,0,0,0
RXNORM:89013,aripiprazole,0,0,0,0,0.000690427629695272,0.00145935149301966,0,0
RXNORM:89905,multivitamins,0,,0,,0,,0,
RXNORM:9639,selegiline,0.0469658721804942,0.000923598712666706,0.0532060686017039,0.00156119021746878,0.0336410809051107,0.00363298952094523,0.0287146913438175,0.00392527527459496
RXNORM:9899,sodium oxybate,,0.00253532081714873,,0,,0,,0
ShortName:A1C,ShortName:A1C,,0,,0,,0,,0
ShortName:HCV - RNA VL,ShortName:HCV - RNA VL,,0,,0,,0,,0
ShortName:HDLC,ShortName:HDLC,,0,,0,,0,,0
ShortName:LDLC,ShortName:LDLC,,0,,0,,0,,0
ShortName:TotChol,ShortName:TotChol,,0,,0,,0,,0
ShortName:Trig,ShortName:Trig,,0,,0,,0,,0
